{
  "report": "POST-CMMD RIGOR AUDIT",
  "scope": "Everything after SEE and MMD (PLAN, PREFLIGHT, EXECUTE, BTS, AUDIT)",
  "rigor_checks": [
    {
      "stage": "PLAN",
      "rigor": "Schema + gate enforced",
      "status": "PASS"
    },
    {
      "stage": "PREFLIGHT",
      "rigor": "Artifact coverage + fail-closed gate",
      "status": "PASS"
    },
    {
      "stage": "EXECUTE",
      "rigor": "Step-level verification + rollback alignment",
      "status": "PASS"
    },
    {
      "stage": "BTS",
      "rigor": "Integrity + correlation + coverage",
      "status": "PASS"
    },
    {
      "stage": "AUDIT",
      "rigor": "Independent validation + evidence-backed verdict",
      "status": "PASS"
    }
  ],
  "known_fixed_issues": [
    "AUDIT schema/example mismatch (minLength vs enums)",
    "Enumerated verdict semantics clarified"
  ],
  "residual_risks": [
    "Future schema tightening may require version bump",
    "Cross-version artifact compatibility enforcement"
  ],
  "verdict": "PIPELINE RIGOR ACCEPTABLE"
}