{
  "run_id": "chat_20260128T160759Z",
  "candidates": [
    {
      "id": "IMP_P95_001",
      "priority": "P0",
      "proposal": "Insert mandatory P9.5 BTS_META_AUDIT after P9 and before P10; always emit 3 artifacts.",
      "rationale": "Forces cross-BTS aggregation before recursion; makes improvements evidence-driven.",
      "evidence_refs": [
        {
          "bts_index": 0,
          "phase": "RUFF_SENSOR_EMIT"
        }
      ]
    }
  ],
  "timestamps": {
    "created_utc": "2026-01-28T16:07:59Z"
  }
}