{
  "scope": "Hygiene patch run",
  "checks": [
    {
      "check": "Explicit BOOT receipt present",
      "status": "PASS",
      "evidence": [
        "/mnt/data/Metblooms_OS/mpp_artifacts/boot_receipt.json"
      ]
    },
    {
      "check": "Placeholder artifacts labeled",
      "status": "PASS",
      "evidence": [
        "/mnt/data/Metblooms_OS/mpp_artifacts/SEE_sources.json",
        "/mnt/data/Metblooms_OS/mpp_artifacts/PLAN.json",
        "/mnt/data/Metblooms_OS/mpp_artifacts/EXECUTION_receipts.json",
        "/mnt/data/Metblooms_OS/mpp_artifacts/RECURSION_deltas.json"
      ]
    },
    {
      "check": "Execution maturity clarified",
      "status": "PASS",
      "evidence": [
        "/mnt/data/Metblooms_OS/mpp_artifacts/execution_p7/execution_receipt.json"
      ]
    }
  ],
  "overall_status": "PASS",
  "audit_ts": "2026-01-28T15:07:36Z"
}