{
  "created_utc": "2026-01-28T15:01:36Z",
  "mode": "degraded",
  "why": "eslint not present in sandbox PATH",
  "files": {
    "adapter_eslint.py": {
      "sha256": "11a5d9f46af334d08d484dbe8f88ae5fe3cd8039e456894a889bd4bf502ebbfb",
      "path": "/mnt/data/Metblooms_OS/mbml_sensors/eslint/adapter_eslint.py"
    },
    "run_eslint.sh": {
      "sha256": "88d6f0a7aed1a3f30824e26b96d7c65942b93d3f6618a39f28801ed6e13cac9f",
      "path": "/mnt/data/Metblooms_OS/mbml_sensors/eslint/run_eslint.sh"
    },
    "sensor_spec.json": {
      "sha256": "6a0a53eb073c9d64faa1d7110b8746e8200ac57dbed2cc175c90bbddcab8a2a8",
      "path": "/mnt/data/Metblooms_OS/mbml_sensors/eslint/sensor_spec.json"
    },
    "README.md": {
      "sha256": "d8f46c7766a3ff73a47c6d46065dff43b966f617855715502740bc3f3a191595",
      "path": "/mnt/data/Metblooms_OS/mbml_sensors/eslint/README.md"
    }
  }
}