{
  "build_step": "MBML_ORCHESTRATOR_V1+CI+BASELINES",
  "created_utc": "2026-01-28T15:16:02Z",
  "root": "/mnt/data/Metblooms_OS",
  "files": {
    "mbml_core/mbml_orchestrator_v1.py": {
      "sha256": "68fd571cbc1ce573649ee93cd70dde18abdf67cf5bb7763847c9cb10c33dbcb8"
    },
    "mbml_baselines/baseline_ulvrs_run_events.ndjson": {
      "sha256": "e3b0c44298fc1c149afbf4c8996fb92427ae41e4649b934ca495991b7852b855"
    },
    "mbml_baselines/README.md": {
      "sha256": "5f7c5a292d629b6cc30a586f0fc19e4e342f29a0a900d5fcdb03c4d8ee41c00e"
    },
    "mbml_ci/github_actions_mbml.yml": {
      "sha256": "f2a7dfd161e6ce4a4c964cb0fec81a912d5b86c6de5623ec62165054db4c6e19"
    }
  }
}